{"assets/icons/backward.svg":["assets/icons/backward.svg"],"assets/icons/forward.svg":["assets/icons/forward.svg"],"assets/icons/left.svg":["assets/icons/left.svg"],"assets/icons/lock.svg":["assets/icons/lock.svg"],"assets/icons/panic.svg":["assets/icons/panic.svg"],"assets/icons/right.svg":["assets/icons/right.svg"],"assets/icons/trunk.svg":["assets/icons/trunk.svg"],"assets/icons/unlock.svg":["assets/icons/unlock.svg"],"packages/cupertino_icons/assets/CupertinoIcons.ttf":["packages/cupertino_icons/assets/CupertinoIcons.ttf"]}